model,faithfulness_rate,answer_success_rate,false_refusal_rate,hallucination_rate,correct_refusal_rate,avg_cost_usd,avg_tokens,avg_retrieval_ms
gpt-4.1-mini,1,1.0,0.0,0,1,3.821e-05,184.73333333333332,701.7333333333333
gpt-4o,1,0.75,0.25,0,1,0.001083,179.8,598.8666666666667
gpt-5.1,1,0.75,0.25,0,1,0.0026939999999999998,196.73333333333332,603.8
