model,faithfulness_rate,avg_cost_usd,avg_tokens,avg_retrieval_ms
gpt-4.1-mini,1,3.7742307692307694e-05,183.53846153846155,655.0769230769231
gpt-4o,1,0.001074,179.2,600.0
gpt-5.1,1,0.00266,195.6,667.8666666666667
