model,faithfulness_rate,avg_cost_usd,avg_tokens,avg_retrieval_ms
gpt-4.1-mini,1,3.778846153846154e-05,183.6153846153846,627.6923076923077
gpt-4o,1,0.0010996153846153846,180.53846153846155,549.4615384615385
gpt-5.1,1,0.002759230769230769,198.53846153846155,560.6923076923077
