model,faithfulness_rate,avg_cost_usd,avg_tokens,avg_retrieval_ms
gpt-4.1-mini,1,3.972692307692308e-05,186.84615384615384,678.1538461538462
gpt-4o,1,0.0010915384615384615,180.0,579.6153846153846
gpt-5.1,1,0.002800769230769231,199.92307692307693,626.6923076923077
