tau_dense,tau_rerank,faithfulness_rate,answer_success_rate,false_refusal_rate,hallucination_rate
0.2,0.1,1,0.875,0.125,0.0
0.2,0.2,1,1.0,0.0,0.0
0.2,0.3,1,0.875,0.125,0.14285714285714285
0.3,0.1,1,0.875,0.125,0.14285714285714285
0.3,0.2,1,0.875,0.125,0.2857142857142857
0.3,0.3,1,0.875,0.125,0.0
0.4,0.1,1,0.875,0.125,0.0
0.4,0.2,1,1.0,0.0,0.0
0.4,0.3,1,0.875,0.125,0.0
